Workbook
Name ClientSourceList: Lists!$C$2:$C$8
Name JobIdList: Lists!#REF!:INDEX(Lists!#REF!,MAX(1,COUNTIF(Lists!#REF!,"?*")))
Name JobStatusList: Lists!$A$2:$A$9
Name JobTypeList: Lists!$D$2:$D$8
Name PaymentMethodList: Lists!$F$2:$F$7
Name PaymentStatusList: Lists!$B$2:$B$5
Name StaffList: Lists!$G$2:$G$501
Name TaskStatusList: Lists!$E$2:$E$6
Name ValidJobIDs: OFFSET(Jobs!$A$2, 0, 0, COUNTA(Jobs!$A$2:$A$501) - COUNTIF(Jobs!$A$2:$A$501, ""), 1)

Sheet Dashboard
A1: Photography Tracker Dashboard
A2: Mobile-friendly summary generated from the Jobs, Payments, and Tasks sheets.
A4: Metric | B4: Value
A5: Upcoming active jobs | B5: =COUNTIFS(Jobs!$E$2:$E$501,">="&TODAY(),Jobs!$G$2:$G$501,"<>completed",Jobs!$G$2:$G$501,"<>cancelled",Jobs!$B$2:$B$501,"<>") -> 0
A6: Jobs in editing | B6: =COUNTIF(Jobs!$G$2:$G$501,"editing") -> 1
A7: Outstanding balance | B7: =SUM(Jobs!$K$2:$K$501) -> 0
A8: Active jobs | B8: =COUNTIFS(Jobs!$G$2:$G$501,"<>completed",Jobs!$G$2:$G$501,"<>cancelled",Jobs!$B$2:$B$501,"<>") -> 1
A9: Overdue open tasks | B9: =COUNTIFS(Tasks!$D$2:$D$501,"<"&TODAY(),Tasks!$D$2:$D$501,"<>",Tasks!$E$2:$E$501,"<>done",Tasks!$B$2:$B$501,"<>") -> 1
A10: Open tasks | B10: =COUNTIFS(Tasks!$B$2:$B$501,"<>",Tasks!$E$2:$E$501,"<>",Tasks!$E$2:$E$501,"<>done") -> 1
A13: Quick Views
A15: View | B15: How to use it
A16: Upcoming Jobs | B16: Filter Jobs by job_date and status not completed/cancelled.
A17: Editing Queue | B17: Filter Jobs status to editing.
A18: Outstanding Payments | B18: Filter Jobs balance greater than zero or payment_status not paid.
A19: Open Tasks | B19: Filter Tasks status to open/in progress/waiting.

Sheet Jobs
A1: job_id | B1: client | C1: phone | D1: job_type | E1: job_date | F1: location | G1: status | H1: payment_status | I1: total_fee | J1: deposit | K1: balance | L1: photographer(s) | M1: editor(s) | N1: client_source | O1: created | P1: notes
A2: =IF(B2="","","JOB-"&TEXT(ROW()-1,"0000")) -> JOB-0001 | B2: Isna & Edrika | D2: Wedding | E2: 46187 | F2: Kantor Camat Sui. Raya | G2: Editing | H2: PAID | I2: 1600000 | J2: 1600000 | K2: =IF(B2="","",IF(H2="paid",0,MAX(0,I2-J2))) -> 0 | L2: Gege, Sude | M2: Gege | N2: Referral | O2: =IF(B2="","",TODAY()) -> 46201
A3: =IF(B3="","","JOB-"&TEXT(ROW()-1,"0000")) | K3: =IF(B3="","",IF(H3="paid",0,MAX(0,I3-J3))) | O3: =IF(B3="","",TODAY())
A4: =IF(B4="","","JOB-"&TEXT(ROW()-1,"0000")) | K4: =IF(B4="","",IF(H4="paid",0,MAX(0,I4-J4))) | O4: =IF(B4="","",TODAY())
A5: =IF(B5="","","JOB-"&TEXT(ROW()-1,"0000")) | K5: =IF(B5="","",IF(H5="paid",0,MAX(0,I5-J5))) | O5: =IF(B5="","",TODAY())
A6: =IF(B6="","","JOB-"&TEXT(ROW()-1,"0000")) | K6: =IF(B6="","",IF(H6="paid",0,MAX(0,I6-J6))) | O6: =IF(B6="","",TODAY())
A7: =IF(B7="","","JOB-"&TEXT(ROW()-1,"0000")) | K7: =IF(B7="","",IF(H7="paid",0,MAX(0,I7-J7))) | O7: =IF(B7="","",TODAY())
A8: =IF(B8="","","JOB-"&TEXT(ROW()-1,"0000")) | K8: =IF(B8="","",IF(H8="paid",0,MAX(0,I8-J8))) | O8: =IF(B8="","",TODAY())
A9: =IF(B9="","","JOB-"&TEXT(ROW()-1,"0000")) | K9: =IF(B9="","",IF(H9="paid",0,MAX(0,I9-J9))) | O9: =IF(B9="","",TODAY())
A10: =IF(B10="","","JOB-"&TEXT(ROW()-1,"0000")) | K10: =IF(B10="","",IF(H10="paid",0,MAX(0,I10-J10))) | O10: =IF(B10="","",TODAY())
A11: =IF(B11="","","JOB-"&TEXT(ROW()-1,"0000")) | K11: =IF(B11="","",IF(H11="paid",0,MAX(0,I11-J11))) | O11: =IF(B11="","",TODAY())
A12: =IF(B12="","","JOB-"&TEXT(ROW()-1,"0000")) | K12: =IF(B12="","",IF(H12="paid",0,MAX(0,I12-J12))) | O12: =IF(B12="","",TODAY())
A13: =IF(B13="","","JOB-"&TEXT(ROW()-1,"0000")) | K13: =IF(B13="","",IF(H13="paid",0,MAX(0,I13-J13))) | O13: =IF(B13="","",TODAY())
A14: =IF(B14="","","JOB-"&TEXT(ROW()-1,"0000")) | K14: =IF(B14="","",IF(H14="paid",0,MAX(0,I14-J14))) | O14: =IF(B14="","",TODAY())
... A501: =IF(B501="","","JOB-"&TEXT(ROW()-1,"0000")) | K501: =IF(B501="","",IF(H501="paid",0,MAX(0,I501-J501))) | O501: =IF(B501="","",TODAY())

Sheet Payments
A1: payment_id | B1: job_id | C1: client | D1: payment_date | E1: amount | F1: method | G1: payment_status | H1: job_total_fee | I1: job_balance | J1: notes
A2: =IF(B2="","","PAY-"&TEXT(ROW()-1,"0000")) -> PAY-0001 | B2: JOB-0001 | C2: =IF($B2="","",IFERROR(INDEX(Jobs!$B$2:$B$501,MATCH($B2,Jobs!$A$2:$A$501,0)),"")) -> Isna & Edrika | D2: 46188 | E2: 1600000 | F2: Cash | G2: PAID | H2: =IF($B2="","",IFERROR(INDEX(Jobs!$I$2:$I$501,MATCH($B2,Jobs!$A$2:$A$501,0)),"")) -> 1600000 | I2: =IF($B2="","",IFERROR(INDEX(Jobs!$K$2:$K$501,MATCH($B2,Jobs!$A$2:$A$501,0)),"")) -> 0
A3: =IF(B3="","","PAY-"&TEXT(ROW()-1,"0000")) | C3: =IF($B3="","",IFERROR(INDEX(Jobs!$B$2:$B$501,MATCH($B3,Jobs!$A$2:$A$501,0)),"")) | H3: =IF($B3="","",IFERROR(INDEX(Jobs!$I$2:$I$501,MATCH($B3,Jobs!$A$2:$A$501,0)),"")) | I3: =IF($B3="","",IFERROR(INDEX(Jobs!$K$2:$K$501,MATCH($B3,Jobs!$A$2:$A$501,0)),""))
A4: =IF(B4="","","PAY-"&TEXT(ROW()-1,"0000")) | C4: =IF($B4="","",IFERROR(INDEX(Jobs!$B$2:$B$501,MATCH($B4,Jobs!$A$2:$A$501,0)),"")) | H4: =IF($B4="","",IFERROR(INDEX(Jobs!$I$2:$I$501,MATCH($B4,Jobs!$A$2:$A$501,0)),"")) | I4: =IF($B4="","",IFERROR(INDEX(Jobs!$K$2:$K$501,MATCH($B4,Jobs!$A$2:$A$501,0)),""))
A5: =IF(B5="","","PAY-"&TEXT(ROW()-1,"0000")) | C5: =IF($B5="","",IFERROR(INDEX(Jobs!$B$2:$B$501,MATCH($B5,Jobs!$A$2:$A$501,0)),"")) | H5: =IF($B5="","",IFERROR(INDEX(Jobs!$I$2:$I$501,MATCH($B5,Jobs!$A$2:$A$501,0)),"")) | I5: =IF($B5="","",IFERROR(INDEX(Jobs!$K$2:$K$501,MATCH($B5,Jobs!$A$2:$A$501,0)),""))
A6: =IF(B6="","","PAY-"&TEXT(ROW()-1,"0000")) | C6: =IF($B6="","",IFERROR(INDEX(Jobs!$B$2:$B$501,MATCH($B6,Jobs!$A$2:$A$501,0)),"")) | H6: =IF($B6="","",IFERROR(INDEX(Jobs!$I$2:$I$501,MATCH($B6,Jobs!$A$2:$A$501,0)),"")) | I6: =IF($B6="","",IFERROR(INDEX(Jobs!$K$2:$K$501,MATCH($B6,Jobs!$A$2:$A$501,0)),""))
A7: =IF(B7="","","PAY-"&TEXT(ROW()-1,"0000")) | C7: =IF($B7="","",IFERROR(INDEX(Jobs!$B$2:$B$501,MATCH($B7,Jobs!$A$2:$A$501,0)),"")) | H7: =IF($B7="","",IFERROR(INDEX(Jobs!$I$2:$I$501,MATCH($B7,Jobs!$A$2:$A$501,0)),"")) | I7: =IF($B7="","",IFERROR(INDEX(Jobs!$K$2:$K$501,MATCH($B7,Jobs!$A$2:$A$501,0)),""))
A8: =IF(B8="","","PAY-"&TEXT(ROW()-1,"0000")) | C8: =IF($B8="","",IFERROR(INDEX(Jobs!$B$2:$B$501,MATCH($B8,Jobs!$A$2:$A$501,0)),"")) | H8: =IF($B8="","",IFERROR(INDEX(Jobs!$I$2:$I$501,MATCH($B8,Jobs!$A$2:$A$501,0)),"")) | I8: =IF($B8="","",IFERROR(INDEX(Jobs!$K$2:$K$501,MATCH($B8,Jobs!$A$2:$A$501,0)),""))
A9: =IF(B9="","","PAY-"&TEXT(ROW()-1,"0000")) | C9: =IF($B9="","",IFERROR(INDEX(Jobs!$B$2:$B$501,MATCH($B9,Jobs!$A$2:$A$501,0)),"")) | H9: =IF($B9="","",IFERROR(INDEX(Jobs!$I$2:$I$501,MATCH($B9,Jobs!$A$2:$A$501,0)),"")) | I9: =IF($B9="","",IFERROR(INDEX(Jobs!$K$2:$K$501,MATCH($B9,Jobs!$A$2:$A$501,0)),""))
A10: =IF(B10="","","PAY-"&TEXT(ROW()-1,"0000")) | C10: =IF($B10="","",IFERROR(INDEX(Jobs!$B$2:$B$501,MATCH($B10,Jobs!$A$2:$A$501,0)),"")) | H10: =IF($B10="","",IFERROR(INDEX(Jobs!$I$2:$I$501,MATCH($B10,Jobs!$A$2:$A$501,0)),"")) | I10: =IF($B10="","",IFERROR(INDEX(Jobs!$K$2:$K$501,MATCH($B10,Jobs!$A$2:$A$501,0)),""))
A11: =IF(B11="","","PAY-"&TEXT(ROW()-1,"0000")) | C11: =IF($B11="","",IFERROR(INDEX(Jobs!$B$2:$B$501,MATCH($B11,Jobs!$A$2:$A$501,0)),"")) | H11: =IF($B11="","",IFERROR(INDEX(Jobs!$I$2:$I$501,MATCH($B11,Jobs!$A$2:$A$501,0)),"")) | I11: =IF($B11="","",IFERROR(INDEX(Jobs!$K$2:$K$501,MATCH($B11,Jobs!$A$2:$A$501,0)),""))
A12: =IF(B12="","","PAY-"&TEXT(ROW()-1,"0000")) | C12: =IF($B12="","",IFERROR(INDEX(Jobs!$B$2:$B$501,MATCH($B12,Jobs!$A$2:$A$501,0)),"")) | H12: =IF($B12="","",IFERROR(INDEX(Jobs!$I$2:$I$501,MATCH($B12,Jobs!$A$2:$A$501,0)),"")) | I12: =IF($B12="","",IFERROR(INDEX(Jobs!$K$2:$K$501,MATCH($B12,Jobs!$A$2:$A$501,0)),""))
A13: =IF(B13="","","PAY-"&TEXT(ROW()-1,"0000")) | C13: =IF($B13="","",IFERROR(INDEX(Jobs!$B$2:$B$501,MATCH($B13,Jobs!$A$2:$A$501,0)),"")) | H13: =IF($B13="","",IFERROR(INDEX(Jobs!$I$2:$I$501,MATCH($B13,Jobs!$A$2:$A$501,0)),"")) | I13: =IF($B13="","",IFERROR(INDEX(Jobs!$K$2:$K$501,MATCH($B13,Jobs!$A$2:$A$501,0)),""))
A14: =IF(B14="","","PAY-"&TEXT(ROW()-1,"0000")) | C14: =IF($B14="","",IFERROR(INDEX(Jobs!$B$2:$B$501,MATCH($B14,Jobs!$A$2:$A$501,0)),"")) | H14: =IF($B14="","",IFERROR(INDEX(Jobs!$I$2:$I$501,MATCH($B14,Jobs!$A$2:$A$501,0)),"")) | I14: =IF($B14="","",IFERROR(INDEX(Jobs!$K$2:$K$501,MATCH($B14,Jobs!$A$2:$A$501,0)),""))
... A501: =IF(B501="","","PAY-"&TEXT(ROW()-1,"0000")) | C501: =IF($B501="","",IFERROR(INDEX(Jobs!$B$2:$B$501,MATCH($B501,Jobs!$A$2:$A$501,0)),"")) | H501: =IF($B501="","",IFERROR(INDEX(Jobs!$I$2:$I$501,MATCH($B501,Jobs!$A$2:$A$501,0)),"")) | I501: =IF($B501="","",IFERROR(INDEX(Jobs!$K$2:$K$501,MATCH($B501,Jobs!$A$2:$A$501,0)),""))

Sheet Tasks
A1: job_id | B1: client | C1: task | D1: due_date | E1: status | F1: notes
A2: JOB-0001 | B2: =IF($A2="","",IFERROR(INDEX(Jobs!$B$2:$B$501,MATCH($A2,Jobs!$A$2:$A$501,0)),"")) -> Isna & Edrika | C2: Editing | D2: 46194 | E2: IN PROGRESS
B3: =IF($A3="","",IFERROR(INDEX(Jobs!$B$2:$B$501,MATCH($A3,Jobs!$A$2:$A$501,0)),""))
B4: =IF($A4="","",IFERROR(INDEX(Jobs!$B$2:$B$501,MATCH($A4,Jobs!$A$2:$A$501,0)),""))
B5: =IF($A5="","",IFERROR(INDEX(Jobs!$B$2:$B$501,MATCH($A5,Jobs!$A$2:$A$501,0)),""))
B6: =IF($A6="","",IFERROR(INDEX(Jobs!$B$2:$B$501,MATCH($A6,Jobs!$A$2:$A$501,0)),""))
B7: =IF($A7="","",IFERROR(INDEX(Jobs!$B$2:$B$501,MATCH($A7,Jobs!$A$2:$A$501,0)),""))
B8: =IF($A8="","",IFERROR(INDEX(Jobs!$B$2:$B$501,MATCH($A8,Jobs!$A$2:$A$501,0)),""))
B9: =IF($A9="","",IFERROR(INDEX(Jobs!$B$2:$B$501,MATCH($A9,Jobs!$A$2:$A$501,0)),""))
B10: =IF($A10="","",IFERROR(INDEX(Jobs!$B$2:$B$501,MATCH($A10,Jobs!$A$2:$A$501,0)),""))
B11: =IF($A11="","",IFERROR(INDEX(Jobs!$B$2:$B$501,MATCH($A11,Jobs!$A$2:$A$501,0)),""))
B12: =IF($A12="","",IFERROR(INDEX(Jobs!$B$2:$B$501,MATCH($A12,Jobs!$A$2:$A$501,0)),""))
B13: =IF($A13="","",IFERROR(INDEX(Jobs!$B$2:$B$501,MATCH($A13,Jobs!$A$2:$A$501,0)),""))
B14: =IF($A14="","",IFERROR(INDEX(Jobs!$B$2:$B$501,MATCH($A14,Jobs!$A$2:$A$501,0)),""))
... B501: =IF($A501="","",IFERROR(INDEX(Jobs!$B$2:$B$501,MATCH($A501,Jobs!$A$2:$A$501,0)),""))

Sheet Lists
A1: Job Status | B1: Payment Status | C1: Client Source | D1: Job Type | E1: Task Status | F1: Payment Method | G1: Staff | H1: Primary Role | I1: Phone | J1: Notes
A2: Inquiry | B2: UNPAID | C2: WhatsApp | D2: Wedding | E2: OPEN | F2: Cash | G2: Gege | H2: Photographer
A3: Booked | B3: Deposit-Paid | C3: Facebook | D3: Engagement | E3: IN PROGRESS | F3: Bank Transfer | G3: Sude | H3: Editor
A4: Shot | B4: PAID | C4: Instagram | D4: Company Event | E4: WAITING | F4: QRIS | G4: Roni | H4: Assistant Photographer
A5: Editing | B5: Refunded | C5: Referral | D5: Portrait | E5: DONE | F5: E-wallet | H5: Videographer
A6: Ready | C6: Returning Client | D6: Family | E6: CANCELLED | F6: Card
A7: Delivered | C7: Website | D7: Product | F7: Other
A8: Completed | C8: Other | D8: Other
A9: Cancelled
